name,id,H,T_rebuild_K,T_rebuild_L,alpha,avg_prod_k,axfin_p,axfin_r,axhealth,bashs,borrow_abi,cp,cr,dC_destitution,dKpc,dKtot,dW_destitution,dW_no_transfers,dW_noupscale,dWsurWprime,delta_W,destitution_exposure,equivalent_cost,fa,fap,far,faref,finance_pre,gdp_pc_pp,income_elast,individual_exposure,institutional_exposure,iso3,macro_multiplier,ophe,original_country,pe,peref,pi,plgp,pop,pov_head,prepare_scaleup,protection,protectionref,pv,rating,resilience,resilience_no_shock,resilience_no_shock_no_SP,resilience_no_shock_no_uspcale,rho,risk,risk_to_assets,rp,share1,share1_ref,shew,sigma_p,sigma_r,social_p,social_r,tot_p,tot_r,total_equivalent_cost,total_equivalent_cost_no_destitution,total_equivalent_cost_of_destitution,unemp,v,v_p,v_r,v_s,v_shew,group_name
Albania,ALB,0.53565,3,40,1,0.18528,0.07585,0.09239,0.73918,0.993,0.1625,4407.71627,11349.24684,79755.60082,83.90057,243090665,0,0,0,113.89191,0,0.00057,118.13473,0.07074,0.06366,0.07251,0.07368,0,9960.94073,1.5,0.00392,0.14472,ALB,1.12901,0.51465,Albania,-0.1,-0.1,0.2,0.98667,2897366,0.2,0,15.54,15.54,0.86318,0.325,0.71021,0.73667,0.6614,0.72824,0.05,0.01186,0.00842,85.41616,0.0885,0.0885,0,0.04063,0.04063,0.26295,0.17936,0.29289,0.2127,342279547.7,329986557.9,12292989.81,0.16,0.33813,0.63,0.31325,0.31325,0.33813,Europe & Central Asia
Angola,AGO,0.53565,3,40,1,0.4324,0.09179,0.20127,0.61448,0.473,0.2,2021.76318,8854.57391,59955.26862,6.10764,131140905.1,0,0,0,20.24734,0,0.00072,24.07629,0.01632,0.04603,0.0089,0.01703,0,7488.01176,1.5,0.00191,0.37826,AGO,1.36468,0.24404,Angola,1.82,1.82,0.2,0.31873,21471618,0.2,0,16.49,16.49,0.18088,0.4,0.25368,0.30165,0.27341,0.29903,0.05,0.00322,0.00082,89.67869,0.054,0.054,0,0.05,0.05,0.34221,0.17346,0.3751,0.21478,516956858.2,434743064.7,82213793.59,0.068,0.5335,0.63,0.505,0.505,0.5335,Sub-Saharan Africa
Argentina,ARG,0.53565,3,40,1,0.26955,0.00437,0.06037,0.8855,0.982,0.23333,4141.96794,21573.50334,144821.1815,20.13861,834669886.8,0,0,0,37.23046,0,0.00026,38.08308,0.07364,0.08601,0.07055,0.07206,0.4,18087.19626,1.5,0.00358,0.07284,ARG,1.20938,0.21099,Argentina,0.16797,0.16797,0.2,0.97097,41446246,0.2,0.66667,64.41,64.41,0.95066,0.06667,0.52881,0.54092,0.46009,0.50028,0.05,0.00211,0.00111,265.6067,0.0458,0.0458,0.8,0.225,0.225,0.20015,0.14265,0.38012,0.33555,1578400879,1543062785,35338094.68,0.075,0.32297,0.5292,0.2562,0.305,0.27129,Latin America & Caribbean
Armenia,ARM,0.53565,3,40,1,0.3667,0.0019,0.01239,0.72403,0.995,0.3875,3300.51777,8583.41608,60266.13123,6.95479,20701390.39,0,0,0,9.99041,0,0.00001,10.06809,0.03475,0.04058,0.03329,0.038,0.4,7526.83642,1.5,0.00006,0.1606,ARM,1.30202,0.54695,Armenia,0.16797,0.16797,0.2,0.95617,2976566,0.2,0.4,11.46,11.46,0.04497,0.375,0.69078,0.69615,0.68203,0.69333,0.05,0.00134,0.00092,66.24198,0.0877,0.0877,0.4,0.19688,0.19688,0.50506,0.24573,0.6025,0.39422,29968338.11,29737113.44,231224.6721,0.162,0.12441,0.1196,0.11385,0.12375,0.11445,Europe & Central Asia
Australia,AUS,0.53565,3,40,1,0.2736,0.52015,0.68547,0.90291,1,0.9,15056.15689,49778.48173,342964.8701,23.17135,535937149.8,0,0,0,32.40848,0,0.00001,32.48227,0.04256,0.04971,0.04077,0.04109,0.8,42834.01676,1.5,0.00028,0.0519,AUS,1.21324,0.19417,Australia,0.16797,0.16797,0.2,0.99838,23129300,0.2,0.8,100,100,0.40977,1,0.71335,0.71498,0.60166,0.6798,0.05,0.00076,0.00054,370.67677,0.0703,0.0703,1,0.425,0.425,0.578,0.126,0.75735,0.49745,751292174.5,749585424.9,1706749.572,0.057,0.44688,0.504,0.344,0.43,0.35751,East Asia & Pacific
Austria,AUT,0.53565,3,40,1,0.23228,0.43808,0.56789,0.92097,1,0.48333,18635.79562,50411.36912,352751.1244,4.30253,36484677.13,0,0,0,6.19499,0,0.00002,6.21423,0.08724,0.10189,0.08357,0.07922,0,44056.25442,1.5,0.00052,0.04355,AUT,1.17383,0.15806,Austria,0.16797,0.16797,0.2,0.99738,8479823,0.2,0,600.59,600.59,1.99906,0.96667,0.69237,0.69452,0.47373,0.66499,0.05,0.00014,0.0001,1307.28774,0.0846,0.0846,0,0.12083,0.12083,0.51717,0.40816,0.57551,0.47968,52695567.83,52532446.61,163121.2207,0.049,0.16005,0.48,0.124,0.124,0.16005,Europe & Central Asia
Azerbaijan,AZE,0.53565,3,40,1,0.59822,0.00113,0.02468,0.6417,0.994,0.275,6745.13123,19055.20314,132858.9112,11.77589,110891180.8,0,0,0,19.90211,0,0.00001,20.06216,0.04884,0.05705,0.04679,0.05713,0,16593.18876,1.5,0.00008,0.14381,AZE,1.52282,0.71059,Azerbaijan,0.16797,0.16797,0.2,0.98186,9416801,0.2,0,13.95,13.95,0.04536,0.55,0.58697,0.59169,0.57784,0.59136,0.05,0.00121,0.00071,78.14487,0.0813,0.0813,0,0.06875,0.06875,0.85713,0.38777,0.86695,0.42986,188921412.5,187414204.1,1507208.452,0.055,0.12436,0.13,0.12375,0.12375,0.12436,Europe & Central Asia
Bangladesh,BGD,0.53565,3,40,1,0.28971,0.14566,0.18231,0.37086,0.344,0.6,1266.9308,3250.07698,22847.08294,13.92518,2180613766,0,0,0,20.01225,0,0.00252,21.6882,0.22209,0.22653,0.22098,0.22001,0.8,2853.44774,1.5,0.00748,0.33671,BGD,1.2286,0.60229,Bangladesh,0.02,0.02,0.2,0.66201,156594962,0.2,0.66667,50,50,0.65799,0.4,0.64206,0.69583,0.63093,0.64107,0.05,0.0076,0.00488,218.53784,0.0888,0.0888,0.8,0.31667,0.31667,0.05676,0.05538,0.35545,0.35451,3396263296,3133817284,262446011.7,0.043,0.37998,0.5292,0.2982,0.355,0.31918,South Asia
Belarus,BLR,0.53565,3,40,1,0.38644,0.04173,0.08594,0.84072,1,0.525,7990.06058,19320.68277,136553.0209,22.33818,211453224.2,0,0,0,32.36611,0,0.00003,32.71472,0.03398,0.03968,0.03255,0.03564,0.8,17054.55833,1.5,0.00033,0.07687,BLR,1.32086,0.31856,Belarus,0.16797,0.16797,0.2,0.98668,9466000,0.2,0.73333,14.45,14.45,1.40348,0.25,0.68282,0.69017,0.49763,0.63255,0.05,0.00192,0.00131,80.44277,0.0937,0.0937,0.8,0.31458,0.31458,0.49175,0.31017,0.65163,0.52718,309677578.4,306377552,3300026.406,0.058,0.26212,0.5292,0.18123,0.21575,0.22018,Europe & Central Asia
Belgium,BEL,0.53565,3,40,1,0.21669,0.43804,0.41742,0.90044,1,0.44167,16954.24581,46522.65356,325149.3057,13.96357,156152017.4,0,0,0,18.19683,0,0.00002,18.25113,0.11046,0.12901,0.10582,0.10099,0,40608.97201,1.5,0.00023,0.10614,BEL,1.15897,0.19912,Belgium,0.16797,0.16797,0.2,0.86513,11182817,0.2,0,213.02,213.02,1.24042,0.88333,0.76508,0.76736,0.56036,0.75247,0.05,0.00045,0.00034,646.28025,0.0835,0.0835,0,0.11042,0.11042,0.65117,0.40252,0.68969,0.46849,204099070.5,203491792.4,607278.1222,0.084,0.14729,0.33,0.127,0.127,0.14729,Europe & Central Asia
Benin,BEN,0.53565,3,40,1,0.33025,0.0162,0.10626,0.70018,0.809,0,532.12599,2033.60525,13878.32097,14.77673,152547191.1,0,0,0,30.30233,0,0.00162,35.46632,0.03471,0.06386,0.02742,0.04386,0,1733.3094,1.5,0.00626,0.25916,BEN,1.26727,0.40864,Benin,0.84,0.84,0.2,0.53235,10323474,0.2,0,6.35,6.35,0.04498,0,0.41664,0.48764,0.48204,0.48764,0.05,0.02046,0.00853,40.35552,0.0614,0.0614,0,0,0,0.04726,0.07453,0.04726,0.07453,366135635.9,312825318.7,53310317.14,0.01,0.60288,0.63,0.59875,0.59875,0.60288,Sub-Saharan Africa
Bolivia,BOL,0.53565,3,40,1,0.42183,0.08907,0.2258,0.82113,0.8404,0.40833,985.1084,7171.70787,47515.66059,20.7521,221449861.8,0,0,0,41.74833,0,0.00013,43.09125,0.04347,0.03999,0.04434,0.04649,0.4,5934.38798,1.5,0.00164,0.07919,BOL,1.35461,0.19813,Bolivia,-0.08,-0.08,0.2,0.96731,10671200,0.2,0.53333,6.7,6.7,1.47893,0.41667,0.48159,0.49708,0.38944,0.45927,0.05,0.00726,0.0035,42.22268,0.0332,0.0332,0.6,0.23542,0.23542,0.34721,0.22687,0.50089,0.40888,459835315.5,445504807.8,14330507.65,0.026,0.25414,0.5544,0.2134,0.2425,0.22364,Latin America & Caribbean
Bosnia and Herzegovina,BIH,0.53565,3,40,1,0.32393,0.03456,0.07855,0.85432,0.999,0.1375,3506.17524,10857.64373,75162.95524,76.46355,292802394.7,0,0,0,128.18222,0,0.00218,140.89688,0.13258,0.15485,0.12701,0.13678,0,9387.35003,1.5,0.01088,0.20065,BIH,1.26124,0.29036,Bosnia and Herzegovina,0.16797,0.16797,0.2,0.82772,3829307,0.2,0,18.78,18.78,0.64124,0.275,0.54269,0.59652,0.5528,0.5913,0.05,0.01501,0.00815,99.71385,0.0747,0.0747,0,0.03438,0.03438,0.21952,0.12546,0.24635,0.15552,539537402.2,490849055.6,48688346.58,0.284,0.38386,0.63,0.35963,0.35963,0.38386,Europe & Central Asia
Botswana,BWA,0.53565,3,40,1,0.28118,0.08854,0.21645,0.94583,0.946,0.8625,2165.01845,18517.00638,122077.0687,42.36161,85618915.98,0,0,0,74.01594,0,0.00023,76.44627,0.03029,0.03537,0.02902,0.03495,1,15246.6088,1.5,0.00222,0.10282,BWA,1.22047,0.05434,Botswana,0.16797,0.16797,0.2,0.92972,2021144,0.2,0.73333,16.67,16.67,0.12988,0.725,0.55414,0.57233,0.52305,0.54103,0.05,0.00501,0.00278,90.47733,0.0284,0.0284,1,0.39896,0.39896,0.23279,0.04378,0.53887,0.42527,154508910.4,149596876.6,4912033.858,0.184,0.55758,0.504,0.444,0.555,0.44606,Sub-Saharan Africa
Brazil,BRA,0.53565,3,40,1,0.26558,0.06362,0.12968,0.84059,0.9808,0.59167,2467.08643,17577.08114,116540.1298,63.85188,12793486123,0,0,0,105.96532,0,0.00052,109.94511,0.0489,0.05712,0.04685,0.04966,0.6,14555.0822,1.5,0.00379,0.13739,BRA,1.20559,0.29961,Brazil,0.16797,0.16797,0.2,0.80625,200361925,0.2,0.86667,22.17,22.17,0.10514,0.58333,0.58076,0.60257,0.54605,0.57314,0.05,0.00755,0.00439,114.13259,0.0339,0.0339,0.2,0.36458,0.36458,0.22567,0.20561,0.50798,0.49523,22028814873,21231414855,797400018.2,0.059,0.57006,0.6048,0.5448,0.5675,0.54726,Latin America & Caribbean
Bulgaria,BGR,0.53565,3,40,1,0.32308,0.01463,0.07025,0.79933,0.995,0.675,5030.2532,18361.20894,125667.4052,22.07072,160346343.8,0,0,0,32.49657,0,0.00005,32.82464,0.04014,0.04688,0.03845,0.04066,0.8,15695.01779,1.5,0.00042,0.12009,BGR,1.26043,0.39633,Bulgaria,0.16797,0.16797,0.2,0.96939,7265115,0.2,0.66667,28.32,28.32,0.60385,0.55,0.67238,0.67917,0.54149,0.65603,0.05,0.00209,0.00141,138.98655,0.0641,0.0641,0.8,0.33542,0.33542,0.66309,0.40446,0.7761,0.60422,238474800.1,236091304.2,2383495.846,0.129,0.39281,0.5292,0.31332,0.373,0.32996,Europe & Central Asia
Burkina Faso,BFA,0.53565,3,40,1,0.40567,0.03739,0.1071,0.66333,0.659,0.525,547.82935,1901.09828,13054.69875,9.43067,159706916.6,0,0,0,12.67093,0,0.00006,13.31494,0.00804,0.00563,0.00864,0.0112,0.8,1630.4445,1.5,0.00029,0.22564,BFA,1.33919,0.33234,Burkina Faso,-0.3,-0.3,0.2,0.69074,16934839,0.2,0.8,1.9,1.9,0.04974,0.25,0.70828,0.74428,0.69814,0.7314,0.05,0.00817,0.00578,14.20106,0.0672,0.0672,0.6,0.33125,0.33125,0.49468,0.32352,0.66206,0.5476,225486319.2,214580101.2,10906217.99,0.031,0.60015,0.5544,0.5269,0.59875,0.52813,Sub-Saharan Africa
Burundi,BDI,0.53565,3,40,1,0.46298,0.00543,0.05162,0.70033,0.603,0.1,334.63815,850.04065,5980.78608,2.13153,21661747.09,0,0,0,3.73812,0,0.00011,4.29642,0.00778,0.00909,0.00745,0.013,0.2,746.96015,1.5,0.00037,0.2979,BDI,1.39385,0.20233,Burundi,0.16797,0.16797,0.2,0.47496,10162532,0.2,0.53333,1.72,1.72,0.85393,0,0.49612,0.57021,0.51697,0.54432,0.05,0.00575,0.00285,13.02262,0.0896,0.0896,0.6,0.15833,0.15833,0.15119,0.13625,0.28559,0.27301,43662539.69,37988739.65,5673800.046,0.069,0.33982,0.5544,0.2684,0.305,0.29904,Sub-Saharan Africa
Cambodia,KHM,0.53565,3,40,1,0.45929,0.00218,0.01208,0.5713,0.74,0.15,1323.11434,3348.62725,23568.31397,34.57362,523277586.1,0,0,0,61.23163,0,0.00165,71.93998,0.11272,0.08454,0.11976,0.1598,0,2943.52467,1.5,0.00628,0.26313,KHM,1.39033,0.5974,Cambodia,-0.25,-0.25,0.2,0.6423,15135169,0.2,0,5.29,5.29,1.57392,0.3,0.48059,0.56464,0.55187,0.55701,0.05,0.02444,0.01175,34.55596,0.0899,0.0899,0,0.0375,0.0375,0.02479,0.02824,0.06136,0.06468,1088823693,926751025.5,162072667.7,0.003,0.24476,0.63,0.2179,0.2179,0.24476,East Asia & Pacific
Cameroon,CMR,0.53565,3,40,1,0.41974,0.09631,0.10153,0.51058,0.636,0.15,869.7417,3206.74451,21933.47277,5.05549,112504662.8,0,0,0,14.43605,0,0.00046,16.59537,0.03283,0.0453,0.02971,0.03702,0,2739.34394,1.5,0.00164,0.27729,CMR,1.35261,0.61484,Cameroon,0.38,0.38,0.2,0.69755,22253959,0.2,0,6.73,6.73,2.26807,0.3,0.30463,0.3502,0.30903,0.34225,0.05,0.00606,0.00185,42.38174,0.0635,0.0635,0,0.0375,0.0375,0.14992,0.02986,0.1818,0.06624,369312787.2,321259192.9,48053594.24,0.04,0.16982,0.555,0.13,0.13,0.16982,Sub-Saharan Africa
Canada,CAN,0.53565,3,40,1,0.33548,0.3689,0.64163,0.92439,1,0.8,14874.10324,48655.07714,335477.404,6.37805,224215803.6,0,0,0,9.16407,0,0,9.16909,0.0379,0.04427,0.03631,0.03686,0.6,41898.88236,1.5,0.00002,0.04941,CAN,1.27226,0.15122,Canada,0.16797,0.16797,0.2,0.99838,35154279,0.2,0.86667,84.08,84.08,0.83954,1,0.6956,0.69598,0.54238,0.65873,0.05,0.00022,0.00015,325.88855,0.071,0.071,0.8,0.41667,0.41667,0.631,0.14,0.78475,0.49833,322332573.9,322156294.9,176279.0401,0.071,0.13862,0.2142,0.10733,0.12778,0.11644,North America
Central African Republic,CAF,0.53565,3,40,1,0.31474,0.00621,0.03726,0.54397,0.538,0,98.46735,705.85309,4679.00129,15.84367,73140993.2,0.00001,0.00002,0.00002,29.52763,0.00002,0.00256,37.00432,0.03598,0.04245,0.03436,0.04463,0,584.37594,1.5,0.0072,0.35549,CAF,1.25248,0.45006,Central African Republic,0.18,0.18,0.2,0.46556,4616417,0.2,0,2.33,2.33,0.09726,0,0.42816,0.53657,0.52834,0.53657,0.05,0.06332,0.02711,16.94809,0.0337,0.0337,0,0,0,0.04573,0.10964,0.04573,0.10964,170827390.1,136311841.7,34515548.39,0.076,0.57416,0.63,0.57175,0.57175,0.57416,Sub-Saharan Africa
Chad,TCD,0.53565,3,40,1,0.7532,0.04925,0.08138,0.3084,0.227,0,493.26881,2403.67464,16186.56373,17.4337,223592687.8,0,0,0,37.77858,0,0.00477,57.62249,0.06322,0.07384,0.06057,0.07816,0,2021.59347,1.5,0.01143,0.41724,TCD,1.67062,0.61021,Chad,0.16797,0.16797,0.2,0.50988,12825314,0.2,0,5.66,5.66,0.04897,0,0.30255,0.46147,0.4595,0.46147,0.05,0.0285,0.00862,36.60291,0.0488,0.0488,0,0,0,0.02213,0.05305,0.02213,0.05305,739026581.7,484522156.3,254504425.4,0.07,0.60059,0.63,0.59875,0.59875,0.60059,Sub-Saharan Africa
Chile,CHL,0.53565,3,40,1,0.34739,0.07034,0.16054,0.84052,0.9985,0.91667,4907.37113,25915.69666,173860.6504,9.07947,159977528.9,0,0,0,15.01966,0,0.00001,15.04967,0.08502,0.0993,0.08145,0.08372,1,21714.03156,1.5,0.00009,0.0776,CHL,1.28362,0.31745,Chile,0.16797,0.16797,0.2,0.98668,17619708,0.2,0.8,57.36,57.36,0.49267,0.83333,0.6033,0.60451,0.5233,0.57269,0.05,0.00069,0.00042,243.05253,0.0452,0.0452,0.8,0.42917,0.42917,0.43308,0.20448,0.67638,0.54589,265170855,264642064.1,528790.9434,0.06,0.12059,0.1512,0.09841,0.11716,0.1013,Latin America & Caribbean
China,CHN,0.53565,3,40,1,0.22922,0.17048,0.42053,0.82961,0.998,0.81667,2690.98651,13732.96276,92275.3012,80.72815,1.10E+11,0,0,0,120.11781,0,0.00026,121.47244,0.09112,0.10643,0.0873,0.09269,0.8,11524.56751,1.5,0.00249,0.10563,CHN,1.17091,0.33878,China,0.16797,0.16797,0.2,0.89951,1357380000,0.2,0.8,26.03,26.03,0.11666,0.83333,0.66458,0.67207,0.60388,0.64374,0.05,0.01054,0.007,129.88742,0.0467,0.0467,0.8,0.40417,0.40417,0.41006,0.18667,0.6485,0.51539,1.65E+11,1.63E+11,1838758072,0.046,0.56418,0.5292,0.47061,0.56025,0.47391,East Asia & Pacific
Colombia,COL,0.53565,3,40,1,0.27978,0.02795,0.13651,0.92563,0.9905,0.7,1984.18859,14535.68457,96285.26681,12.24847,591863122.7,0,0,0,45.89608,0,0.00033,48.2527,0.03212,0.07035,0.02257,0.0342,0.8,12025.38537,1.5,0.00299,0.11075,COL,1.21913,0.13925,Colombia,1.19,1.19,0.2,0.84712,48321405,0.2,0.73333,19.71,19.71,1.27484,0.6,0.25384,0.26687,0.19603,0.21253,0.05,0.00401,0.00102,103.71775,0.033,0.033,0.8,0.35833,0.35833,0.12269,0.08733,0.43706,0.41437,2331638283,2217762928,113875354.6,0.105,0.27694,0.5292,0.20108,0.23938,0.23263,Latin America & Caribbean
"Congo, Dem. Rep.",COD,0.53565,3,40,1,0.23706,0.00871,0.01916,0.73698,0.801,0.125,214.22141,925.51872,6271.42698,22.83648,1541774508,0,0.00002,0.00002,34.16445,0.00002,0.00086,38.02669,0.02714,0.0247,0.02775,0.03633,0,783.25925,1.5,0.00407,0.21192,COD,1.17839,0.32705,"Congo, Dem. Rep.",-0.09,-0.09,0.2,0.70725,67513677,0.2,0,2.04,2.04,0.23258,0.25,0.60054,0.66843,0.65906,0.66283,0.05,0.04855,0.02916,15.10497,0.0547,0.0547,0,0.03125,0.03125,0.01298,0.03018,0.04383,0.06048,2567321835,2306567862,260753973.1,0.08,0.51112,0.63,0.505,0.505,0.51112,Sub-Saharan Africa
"Congo, Rep.",COG,0.53565,3,40,1,0.37275,0.01771,0.08744,0.85424,0.925,0.175,1593.30451,6701.96135,45480.65966,21.96619,97697514.48,0,0,0,57.96817,0,0.00025,62.86551,0.03212,0.03752,0.03077,0.03485,0,5680.22998,1.5,0.0015,0.16928,COG,1.3078,0.21653,"Congo, Rep.",0.16797,0.16797,0.2,0.70291,4447632,0.2,0,3.43,3.43,2.49683,0.35,0.34942,0.37894,0.32914,0.36937,0.05,0.01107,0.00387,23.67346,0.0561,0.0561,0,0.04375,0.04375,0.17197,0.15214,0.2082,0.18924,279602668.2,257821090.5,21781577.77,0.065,0.15871,0.555,0.13,0.13,0.15871,Sub-Saharan Africa
Costa Rica,CRI,0.53565,3,40,1,0.4819,0.07918,0.27923,0.87877,0.991,0.74167,2827.17145,16081.63615,107537.734,4.15966,20266537.53,0,0,0,8.9555,0,0.00002,9.15939,0.01833,0.02141,0.01756,0.02003,1,13430.74321,1.5,0.00021,0.10668,CRI,1.41189,0.23345,Costa Rica,0.16797,0.16797,0.2,0.8772,4872166,0.2,0.93333,17.02,17.02,2.51646,0.48333,0.45414,0.46448,0.27279,0.38112,0.05,0.00068,0.00031,92.02515,0.0421,0.0421,1,0.41875,0.41875,0.46967,0.20281,0.69174,0.53663,44626078.76,43632692.55,993386.2095,0.076,0.17916,0.504,0.124,0.155,0.14333,Latin America & Caribbean
Croatia,HRV,0.53565,3,40,1,0.23052,0.07799,0.15243,0.93769,1,0.63333,8029.61936,23053.82911,160528.916,17.67741,75229773.9,0,0,0,23.51582,0,0.00013,23.68188,0.11574,0.13518,0.11088,0.10141,0.8,20048.98716,1.5,0.00157,0.08164,HRV,1.17216,0.12463,Croatia,0.16797,0.16797,0.2,0.9944,4255700,0.2,0.8,179.79,179.79,0.63391,0.46667,0.74645,0.75172,0.60304,0.71249,0.05,0.00118,0.00088,574.62066,0.0801,0.0801,0.8,0.35833,0.35833,0.54942,0.27049,0.71088,0.5319,100782974.5,100076262.4,706712.1007,0.177,0.38558,0.5292,0.30209,0.35963,0.32388,Europe & Central Asia
Czech Republic,CZE,0.53565,3,40,1,0.2398,0.26152,0.41788,0.92096,0.999,0.90833,13120.06268,31875.56493,225187.9239,28.93084,304186763.7,0,0,0,37.95812,0,0.00003,38.07471,0.07017,0.08195,0.06722,0.06908,1,28124.46448,1.5,0.0006,0.05184,CZE,1.18101,0.15708,Czech Republic,0.16797,0.16797,0.2,0.99251,10514272,0.2,0.53333,86.78,86.78,0.61498,0.81667,0.75984,0.76218,0.63106,0.71711,0.05,0.00135,0.00103,333.65358,0.0933,0.0933,1,0.36042,0.36042,0.4058,0.45012,0.61996,0.6483,400327892.8,399101998.6,1225894.167,0.069,0.3901,0.504,0.288,0.36,0.31208,Europe & Central Asia
Denmark,DNK,0.53565,3,40,1,0.23011,0.4419,0.64744,0.93604,1,0.5,19393.36737,48255.07373,340152.195,4.77391,26805176.44,0,0,0,6.12845,0,0,6.13178,0.00543,0.00634,0.0052,0.00607,0,42482.73246,1.5,0,0.04836,DNK,1.17176,0.12792,Denmark,0.16797,0.16797,0.2,0.98887,5614932,0.2,0,25.74,25.74,0.03548,1,0.77855,0.77898,0.75761,0.77717,0.05,0.00014,0.00011,128.72712,0.0913,0.0913,0,0.125,0.125,0.67681,0.35351,0.71721,0.43432,34429538.54,34410817.72,18720.81477,0.07,0.12555,0.13,0.125,0.125,0.12555,Europe & Central Asia
Dominican Republic,DOM,0.53565,3,40,1,0.37715,0.05701,0.22953,0.79793,0.986,0.475,2954.76538,14005.64688,94444.37719,1.71402,17832288.62,0,0,0,2.29277,0,0.00001,2.31729,0.03555,0.02133,0.0391,0.03485,0.6,11795.47058,1.5,0.00009,0.14656,DOM,1.31199,0.39015,Dominican Republic,-0.4,-0.4,0.2,0.91139,10403761,0.2,0.66667,76.96,76.96,0.36988,0.35,0.73967,0.74758,0.71519,0.72935,0.05,0.0002,0.00015,304.80897,0.0501,0.0501,0.8,0.28542,0.28542,0.19175,0.11761,0.42244,0.36946,24108560.73,23853443.95,255116.7755,0.149,0.1314,0.1512,0.1092,0.13,0.11037,Latin America & Caribbean
Ecuador,ECU,0.53565,3,40,1,0.25747,0.09388,0.17697,0.73253,0.905,0.55,2266.24133,12609.26137,84397.29585,75.13652,1182489394,0,0,0,116.56972,0,0.00055,120.27376,0.0661,0.0772,0.06332,0.06926,0.8,10540.65737,1.5,0.00396,0.14015,ECU,1.19786,0.43994,Ecuador,0.16797,0.16797,0.2,0.889,15737878,0.2,0.8,18.4,18.4,0.04935,0.3,0.62471,0.64456,0.59521,0.62087,0.05,0.01141,0.00713,98.06852,0.043,0.043,0.6,0.3375,0.3375,0.27929,0.17365,0.52253,0.45254,1892853716,1834560038,58293677.7,0.042,0.60037,0.5544,0.5269,0.59875,0.52833,Latin America & Caribbean
"Egypt, Arab Rep.",EGY,0.53565,3,40,1,0.49278,0.00209,0.01017,0.60466,0.789,0.43333,4964.23853,12175.80127,85941.26454,50.37708,4133760467,0,0,0,92.61867,0,0.0022,101.39143,0.18959,0.29956,0.1621,0.2004,0.6,10733.48872,1.5,0.01177,0.18712,EGY,1.42227,0.57969,"Egypt, Arab Rep.",0.58,0.58,0.2,0.96098,82056378,0.2,0.66667,31.41,31.41,0.33413,0.26667,0.49686,0.54392,0.50328,0.51517,0.05,0.00945,0.00469,151.0614,0.0925,0.0925,0.6,0.275,0.275,0.10013,0.11928,0.3476,0.36148,8319813233,7599952307,719860926.5,0.127,0.47222,0.5544,0.3894,0.4425,0.41555,Middle East & North Africa
El Salvador,SLV,0.53565,3,40,1,0.13424,0.04985,0.18162,0.85531,0.995,0.49167,2141.79856,8858.40368,60172.0208,19.02077,120600333.5,0,0,0,29.45369,0,0.00004,29.92993,0.00829,0.00969,0.00795,0.009,0.6,7515.08266,1.5,0.0003,0.12326,SLV,1.08034,0.28437,El Salvador,0.16797,0.16797,0.2,0.83789,6340454,0.2,0.66667,6.82,6.82,0.9248,0.38333,0.63551,0.64579,0.51836,0.57188,0.05,0.00398,0.00253,42.8585,0.057,0.057,0.6,0.28958,0.28958,0.18429,0.17737,0.42051,0.41559,189769368.6,186749781.8,3019586.764,0.063,0.32731,0.5544,0.2684,0.305,0.28803,Latin America & Caribbean
Estonia,EST,0.53565,3,40,1,0.28006,0.18929,0.3583,0.90456,0.998,0.40833,9053.47554,29303.84012,202202.7268,4.68991,6181292.053,0,0,0,7.19525,0,0.00001,7.23375,0.01923,0.02246,0.01842,0.01821,0,25253.7672,1.5,0.00009,0.07122,EST,1.2194,0.18887,Estonia,0.16797,0.16797,0.2,0.96979,1317997,0.2,0,46.5,46.5,1.35951,0.81667,0.64834,0.65181,0.49853,0.63541,0.05,0.00029,0.00019,206.5723,0.0717,0.0717,0,0.10208,0.10208,0.51852,0.34897,0.56767,0.41543,9534065.457,9483323.623,50741.83386,0.088,0.12926,0.305,0.11272,0.11272,0.12926,Europe & Central Asia
Finland,FIN,0.53565,3,40,1,0.21799,0.41186,0.66385,0.9068,0.999,0.89167,17818.75722,44071.33798,310831.8837,12.75019,69347905.8,0,0,0,15.70604,0,0,15.71088,0.0296,0.03457,0.02835,0.02965,0.8,38820.82182,1.5,0.00001,0.05989,FIN,1.16021,0.1854,Finland,0.16797,0.16797,0.2,0.99552,5438972,0.2,0.86667,48.24,48.24,0.7938,0.98333,0.81155,0.8118,0.64346,0.76362,0.05,0.0004,0.00033,212.55068,0.0918,0.0918,0.8,0.43958,0.43958,0.57169,0.33562,0.75997,0.62767,85451032.17,85424719.37,26312.79577,0.082,0.14216,0.2142,0.10773,0.12825,0.11941,Europe & Central Asia
France,FRA,0.53565,3,40,1,0.22345,0.40226,0.55754,0.96301,1,0.95833,14533.16114,42887.71209,297988.7621,12.1638,802079303.6,0,0,0,16.19818,0,0.00001,16.21991,0.07301,0.08528,0.06995,0.0714,1,37216.8019,1.5,0.00013,0.04754,FRA,1.16541,0.07399,France,0.16797,0.16797,0.2,0.99838,65939866,0.2,0.73333,122.61,122.61,2.05097,0.91667,0.74993,0.75094,0.46262,0.6375,0.05,0.00044,0.00033,430.86422,0.0781,0.0781,1,0.42292,0.42292,0.49639,0.37605,0.70938,0.63993,1069538539,1068105556,1432982.937,0.104,0.15733,0.384,0.0992,0.124,0.12586,Europe & Central Asia
Gabon,GAB,0.53565,3,40,1,0.32991,0.01965,0.1313,0.752,0.893,0.19167,5463.38636,21942.11568,149298.3915,53.11979,88800939.82,0,0,0,159.27586,0,0.0017,181.26083,0.08425,0.14491,0.06908,0.09396,0,18646.36981,1.5,0.00605,0.28197,GAB,1.26694,0.38901,Gabon,0.72,0.72,0.2,0.59809,1671711,0.2,0,16.85,16.85,1.92499,0.38333,0.29306,0.33351,0.27443,0.32365,0.05,0.00972,0.00285,91.27429,0.0586,0.0586,0,0.04792,0.04792,0.22084,0.12165,0.25817,0.16374,303015730.2,266263200.9,36752529.34,0.196,0.21539,0.63,0.16125,0.16125,0.21539,Sub-Saharan Africa
Georgia,GEO,0.53565,3,40,1,0.36327,0.00157,0.01638,0.68946,0.998,0.6,1829.59692,8205.46499,55489.69401,9.45893,42444131.6,0,0,0,11.89866,0,0,11.9074,0.08343,0.09745,0.07993,0.08372,0.8,6930.29138,1.5,0.00002,0.15178,GEO,1.29875,0.61907,Georgia,0.16797,0.16797,0.2,0.9982,4487200,0.2,0.66667,23.4,23.4,3.03935,0.4,0.79437,0.79496,0.29143,0.78759,0.05,0.00172,0.00136,119.22176,0.0528,0.0528,0.4,0.31667,0.31667,0.9832,0.54281,0.98852,0.68759,53430879.37,53391667.54,39211.83735,0.143,0.15597,0.5796,0.11385,0.12375,0.14349,Europe & Central Asia
Germany,DEU,0.53565,3,40,1,0.27302,0.56982,0.51403,0.93557,1,0.9,17775.28818,49160.78646,343362.57,12.02455,969802458,0,0,0,15.90689,0,0,15.91017,0.07486,0.08744,0.07172,0.07208,0.8,42883.68681,1.5,0.00001,0.05167,DEU,1.21269,0.12885,Germany,0.16797,0.16797,0.2,0.96242,80651873,0.2,0.73333,106.88,106.88,0.53683,1,0.75578,0.75593,0.63856,0.73149,0.05,0.00037,0.00028,389.29933,0.0829,0.0829,0.8,0.40833,0.40833,0.64379,0.38332,0.78924,0.63513,1283184912,1282920698,264214.7122,0.053,0.13339,0.1722,0.10542,0.1255,0.11205,Europe & Central Asia
Ghana,GHA,0.53565,3,40,1,0.40794,0.04551,0.24018,0.66107,0.684,0.43333,1012.37607,4576.94447,30938.65385,13.39123,346894432.2,0,0,0,22.58324,0,0.00027,24.0548,0.02298,0.02826,0.02166,0.02594,0.6,3864.03079,1.5,0.00146,0.1826,GHA,1.34135,0.36187,Ghana,0.23,0.23,0.2,0.83714,25904598,0.2,0.8,8.16,8.16,0.00934,0.26667,0.5567,0.59297,0.56668,0.57791,0.05,0.00623,0.00347,49.84955,0.0524,0.0524,0.8,0.30833,0.30833,0.17479,0.14085,0.42923,0.40575,623129884.5,585009686.2,38120198.27,0.046,0.62417,0.5292,0.52395,0.62375,0.5243,Sub-Saharan Africa
Greece,GRC,0.53565,3,40,1,0.23679,0.12937,0.24796,0.86807,1,0.5,7838.38172,28421.72908,194606.5824,9.98052,110060711.4,0,0,0,16.60269,0,0.00003,16.93535,0.01725,0.02015,0.01653,0.0176,0.8,24305.05961,1.5,0.00019,0.15359,GRC,1.17814,0.26387,Greece,0.16797,0.16797,0.2,0.94417,11027549,0.2,0.86667,25.34,25.34,2.60007,0.2,0.58933,0.60114,0.37299,0.49933,0.05,0.0007,0.00041,127.12048,0.0645,0.0645,0.8,0.34167,0.34167,0.38459,0.49652,0.59486,0.66854,186755366.8,183086942.8,3668423.982,0.273,0.175,0.5292,0.11487,0.13675,0.147,Europe & Central Asia
Guatemala,GTM,0.53565,3,40,1,0.64756,0.05336,0.13478,0.50737,0.523,0.53333,1366.59969,8486.51342,56548.51211,4.50827,69734794.48,0,0,0,15.16713,0,0.00027,17.91765,0.03108,0.0363,0.02977,0.03233,0.6,7062.53067,1.5,0.00094,0.28445,GTM,1.56988,0.50825,Guatemala,0.16797,0.16797,0.2,0.66728,15468203,0.2,0.6,8.04,8.04,3.2118,0.46667,0.25161,0.29724,0.21003,0.24641,0.05,0.00254,0.00064,49.2347,0.0387,0.0387,0.8,0.28333,0.28333,0.21925,0.10472,0.44046,0.35838,277153829.7,234608322.3,42545507.46,0.028,0.13177,0.4662,0.09324,0.111,0.11069,Latin America & Caribbean
Guinea,GIN,0.53565,3,40,1,0.35107,0.01278,0.02542,0.44429,0.453,0,457.86527,1401.64385,9711.39418,9.98825,117313877.5,0,0.00001,0.00001,20.85794,0.00001,0.0012,25.82252,0.01927,0.04086,0.01388,0.02161,0,1212.88813,1.5,0.00364,0.3293,GIN,1.28712,0.56441,Guinea,1.12,1.12,0.2,0.58581,11745189,0.2,0,3.41,3.41,0.01692,0,0.3868,0.47887,0.47424,0.47887,0.05,0.02129,0.00824,23.55531,0.0755,0.0755,0,0,0,0.03393,0.08135,0.03393,0.08135,303290365.6,244980415.1,58309950.46,0.018,0.61952,0.63,0.617,0.617,0.61952,Sub-Saharan Africa
Honduras,HND,0.53565,3,40,1,0.36359,0.04311,0.11806,0.68521,0.829,0.5375,580.10787,5411.56185,35592.54828,17.59903,142511433.9,0,0,0,24.36276,0,0.00034,26.8261,0.04013,0.01364,0.04675,0.04325,0.8,4445.27105,1.5,0.00156,0.22008,HND,1.29906,0.45858,Honduras,-0.66,-0.66,0.2,0.69655,8097688,0.2,0.33333,7.2,7.2,1.56612,0.275,0.65604,0.72237,0.63588,0.68637,0.05,0.00603,0.00396,44.85997,0.0261,0.0261,0.4,0.21771,0.21771,0.25797,0.13477,0.41952,0.32314,217229418.1,197282046.5,19947371.63,0.042,0.24551,0.5796,0.2231,0.2425,0.22587,Latin America & Caribbean
Hungary,HUN,0.53565,3,40,1,0.22127,0.09189,0.22393,0.85803,0.991,0.65,9366.47741,26041.64552,181808.0766,31.8204,314827845.3,0,0,0,38.93086,0,0.00002,38.97521,0.10368,0.1211,0.09933,0.09878,0.8,22706.6119,1.5,0.00019,0.08775,HUN,1.16334,0.27493,Hungary,0.16797,0.16797,0.2,0.98072,9893899,0.2,1,100,100,0.64364,0.5,0.81643,0.81736,0.61208,0.80557,0.05,0.00172,0.0014,370.67677,0.0825,0.0825,1,0.4125,0.4125,0.91233,0.52571,0.9485,0.72135,385616761.1,385178028.3,438732.8798,0.102,0.3833,0.504,0.285,0.35625,0.30664,Europe & Central Asia
India,IND,0.53565,3,40,1,0.45253,0.10609,0.12272,0.47044,0.523,0.675,2239.16966,5995.15391,41987.49471,3.7516,4697521347,0,0,0,6.08832,0,0.00102,6.71315,0.08996,0.10507,0.08618,0.0848,0.8,5243.95706,1.5,0.00322,0.31728,IND,1.38388,0.58213,India,0.16797,0.16797,0.2,0.61373,1252139596,0.2,0.73333,100,100,0.4351,0.55,0.55884,0.6162,0.56132,0.57546,0.05,0.00128,0.00072,370.67677,0.0854,0.0854,0.8,0.35208,0.35208,0.10473,0.1272,0.41994,0.4345,8405806260,7623424271,782381988.3,0.036,0.43899,0.5292,0.35049,0.41725,0.36875,South Asia
Indonesia,IDN,0.53565,3,40,1,0.30998,0.07181,0.20722,0.68644,0.831,0.56667,3530.56206,10685.38721,74098.62397,2.05393,513206239.2,0,0,0,3.0451,0,0.00002,3.06807,0.06562,0.08728,0.06021,0.06449,0.6,9254.42218,1.5,0.00013,0.16227,IDN,1.24793,0.45813,Indonesia,0.33,0.33,0.2,0.88975,249865631,0.2,0.66667,100,100,0.03557,0.53333,0.66945,0.6745,0.66381,0.66747,0.05,0.00033,0.00022,370.67677,0.0763,0.0763,0.6,0.30833,0.30833,0.118,0.12979,0.38995,0.3981,766604031.6,760866908,5737123.573,0.063,0.12553,0.1144,0.11,0.125,0.11047,East Asia & Pacific
"Iran, Islamic Rep.",IRN,0.53565,3,40,1,0.318,0.12119,0.24928,0.72145,0.964,0.4,4851.45018,17649.69648,120823.5061,32.63066,2527151896,0,0,0,51.42295,0,0.00014,52.77701,0.04149,0.04846,0.03975,0.04368,0.8,15090.04722,1.5,0.00092,0.1496,IRN,1.25558,0.5211,"Iran, Islamic Rep.",0.16797,0.16797,0.2,0.96176,77447168,0.2,0.6,17.79,17.79,0.90971,0,0.61827,0.63455,0.50099,0.60025,0.05,0.0035,0.00216,95.41176,0.0643,0.0643,0.4,0.25,0.25,0.46643,0.26036,0.59982,0.44527,4087430125,3982561720,104868404.9,0.132,0.32989,0.5796,0.28037,0.30475,0.3035,Middle East & North Africa
Iraq,IRQ,0.53565,3,40,1,0.58409,0.02929,0.07414,0.77185,0.909,0,6367.44826,16497.47958,115870.6874,105.22519,3516360149,0,0,0,190.34184,0,0.00489,220.15272,0.23243,0.27147,0.22267,0.24087,0,14471.47332,1.5,0.03005,0.16288,IRQ,1.50935,0.36531,Iraq,0.16797,0.16797,0.2,0.89951,33417476,0.2,0,27.69,27.69,0.21585,0,0.47796,0.55282,0.54278,0.55282,0.05,0.01521,0.00727,136.51068,0.088,0.088,0,0,0,0.13105,0.08987,0.13105,0.08987,7356948206,6360743722,996204484.4,0.16,0.51816,0.63,0.505,0.505,0.51816,Middle East & North Africa
Ireland,IRL,0.53565,3,40,1,0.31125,0.49514,0.52417,0.91581,1,0.35,17010.59688,51556.39567,357483.0152,3.47796,15990109.81,0,0,0,4.88723,0,0,4.89106,0.03898,0.04553,0.03734,0.03556,0,44647.23591,1.5,0.00002,0.07227,IRL,1.24915,0.16839,Ireland,0.16797,0.16797,0.2,0.99838,4597558,0.2,0,200,200,0.01778,0.7,0.71108,0.71164,0.69666,0.71113,0.05,0.00011,0.00008,619.00314,0.0762,0.0762,0,0.0875,0.0875,0.78696,0.48333,0.8056,0.52854,22486932.69,22469310.24,17622.45854,0.131,0.12773,0.13,0.1275,0.1275,0.12773,Europe & Central Asia
Italy,ITA,0.53565,3,40,1,0.20461,0.11888,0.17878,0.90496,0.99,0.7,10295.8004,39830.49967,271620.3188,14.79312,891047967.2,0,0,0,22.72773,0,0.00002,22.83494,0.04794,0.05599,0.04593,0.04766,0.8,33923.55982,1.5,0.00023,0.07456,ITA,1.14745,0.18008,Italy,0.16797,0.16797,0.2,0.99335,60233948,0.2,0.86667,62.59,62.59,2.20001,0.6,0.64783,0.65088,0.40763,0.54584,0.05,0.00067,0.00044,259.87016,0.0607,0.0607,1,0.39167,0.39167,0.43236,0.41381,0.65469,0.6434,1375438626,1368980792,6457833.811,0.122,0.15,0.384,0.0992,0.124,0.12,Europe & Central Asia
Jamaica,JAM,0.53565,3,40,1,0.38101,0.29451,0.31051,0.86867,0.991,0.4,2302.50587,10183.74674,68918.81383,2.57535,6991391.702,0,0,0,5.0281,0,0,5.19887,0.00026,0.00031,0.00025,0.0006,0.6,8607.49856,1.5,0.00001,0.14018,JAM,1.31567,0.25365,Jamaica,0.16797,0.16797,0.2,0.86079,2714734,0.2,0.6,0.5,0.5,1.3553,0.2,0.49537,0.51219,0.40952,0.46557,0.05,0.0006,0.0003,4.18293,0.0535,0.0535,0.8,0.25,0.25,0.26652,0.14743,0.44989,0.36057,14113542.22,13649943.32,463598.8982,0.15,0.26748,0.5292,0.2037,0.2425,0.22468,Latin America & Caribbean
Japan,JPN,0.53565,3,40,1,0.21044,0.45612,0.5514,0.92711,0.998,0.80833,13123.87324,41236.91922,285157.8753,7.01018,892666938,0,0,0,9.1565,0,0,9.15772,0.08136,0.09502,0.07794,0.0732,0.8,35614.31002,1.5,0.00002,0.03817,JPN,1.15301,0.14378,Japan,0.16797,0.16797,0.2,0.99838,127338621,0.2,0.8,200,200,0.04392,0.81667,0.76549,0.7656,0.74324,0.75956,0.05,0.00026,0.0002,619.00314,0.0737,0.0737,0.8,0.40208,0.40208,0.51838,0.34741,0.71203,0.60981,1166131471,1165976090,155381.1692,0.04,0.12453,0.1092,0.10416,0.124,0.10461,East Asia & Pacific
Jordan,JOR,0.53565,3,40,1,0.17572,0.01291,0.126,0.88044,0.996,0.4875,4693.05004,13082.66106,91315.85309,4.55306,29412781.33,0,0,0,9.02862,0,0.00002,9.18816,0.00348,0.00888,0.00213,0.00399,0.6,11404.73886,1.5,0.00022,0.08886,JOR,1.1199,0.23512,Jordan,1.55,1.55,0.2,0.97899,6460000,0.2,0.4,16.64,16.64,0.27666,0.375,0.49554,0.50429,0.42398,0.47112,0.05,0.00081,0.0004,90.34444,0.0823,0.0823,0.6,0.22188,0.22188,0.24754,0.20255,0.41449,0.37948,59355538.18,58324913.82,1030624.358,0.126,0.49347,0.5544,0.3894,0.4425,0.43426,Middle East & North Africa
Kazakhstan,KAZ,0.53565,3,40,1,0.33057,0.04958,0.07945,0.76782,0.999,0.80833,10616.92334,25432.86794,179910.9943,24.28305,413668493.6,0,0,0,35.17474,0,0.00002,35.43304,0.05005,0.05846,0.04795,0.05317,1,22469.67902,1.5,0.00016,0.09714,KAZ,1.26757,0.46336,Kazakhstan,0.16797,0.16797,0.2,0.99276,17035275,0.2,0.6,15.47,15.47,1.26901,0.61667,0.68532,0.69035,0.54594,0.61807,0.05,0.00158,0.00108,85.10109,0.0945,0.0945,0.8,0.35208,0.35208,0.30312,0.16584,0.54848,0.45954,603611593.6,599211344.5,4400249.155,0.052,0.13442,0.2562,0.09468,0.11272,0.11291,Europe & Central Asia
Kenya,KEN,0.53565,3,40,1,0.46296,0.10053,0.32159,0.49579,0.438,0.375,654.68822,3217.98197,21661.07445,16.42662,728581227.4,0,0,0,37.01478,0,0.00035,42.2429,0.01549,0.0254,0.01301,0.01882,0.4,2705.32322,1.5,0.00127,0.2733,KEN,1.39383,0.44643,Kenya,0.64,0.64,0.2,0.77631,44353691,0.2,0.46667,2.1,2.1,0.22024,0.35,0.38886,0.44379,0.42061,0.42594,0.05,0.01561,0.00607,15.48923,0.0484,0.0484,0.8,0.21042,0.21042,0.05487,0.07183,0.25374,0.26714,1873628720,1641742134,231886585.7,0.092,0.51629,0.5292,0.4242,0.505,0.43368,Sub-Saharan Africa
Kyrgyz Republic,KGZ,0.53565,3,40,1,0.52023,0.0019,0.01364,0.81368,0.991,0.3,1194.16813,3588.724,24899.7557,11.43576,65407973.02,0,0,0,17.94234,0,0.00001,18.11109,0.0324,0.03791,0.03103,0.05226,0.6,3109.81283,1.5,0.00015,0.0986,KGZ,1.44844,0.36365,Kyrgyz Republic,0.17,0.17,0.2,0.97054,5719600,0.2,0.6,3.11,3.11,1.94035,0,0.63142,0.63736,0.38186,0.60653,0.05,0.00582,0.00368,21.7566,0.0768,0.0768,0.6,0.225,0.225,0.72176,0.4622,0.78436,0.5832,103588217.8,102622993.6,965224.1537,0.08,0.21426,0.5544,0.15136,0.172,0.18855,Europe & Central Asia
Lao PDR,LAO,0.53565,3,40,1,0.2473,0.13251,0.23853,0.50755,0.415,0,1778.25656,5389.61093,37370.61799,62.20357,421101203.9,0,0,0,103.85958,0,0.00071,109.50286,0.16318,0.19059,0.15633,0.18583,0,4667.34006,1.5,0.00275,0.25769,LAO,1.18816,0.3999,Lao PDR,0.16797,0.16797,0.2,0.73337,6769727,0.2,0,6.82,6.82,0.80312,0,0.56805,0.59892,0.59112,0.59892,0.05,0.02346,0.01333,42.8585,0.0762,0.0762,0,0,0,0.03728,0.13348,0.03728,0.13348,741304465.4,703100976.9,38203488.51,0.014,0.14142,0.255,0.13,0.13,0.14142,East Asia & Pacific
Latvia,LVA,0.53565,3,40,1,0.23937,0.08002,0.16866,0.81758,1,0.35,6811.76207,25587.77291,174809.774,11.34045,22824329.09,0,0,0,17.02116,0,0.00004,17.18069,0.06016,0.07026,0.05763,0.05813,0,21832.57074,1.5,0.00029,0.13018,LVA,1.1806,0.36484,Latvia,0.16797,0.16797,0.2,0.90287,2012647,0.2,0,59.74,59.74,1.3988,0.7,0.66007,0.66626,0.48262,0.65359,0.05,0.00079,0.00052,250.75735,0.0624,0.0624,0,0.0875,0.0875,0.61632,0.23029,0.64989,0.29764,34578659.71,34257579.56,321080.1549,0.111,0.12715,0.305,0.11272,0.11272,0.12715,Europe & Central Asia
Lesotho,LSO,0.53565,3,40,1,0.19921,0.02873,0.11368,0.73526,0.615,0.4,354.09315,3028.49388,19965.95172,13.61846,28251022.39,0,0,0,20.85365,0,0.00101,23.69678,0.02243,0.01996,0.02304,0.02291,0.4,2493.61373,1.5,0.00321,0.31473,LSO,1.1423,0.14448,Lesotho,-0.11,-0.11,0.2,0.56754,2074465,0.2,0.26667,10.34,10.34,0.13136,0.4,0.5747,0.65305,0.62237,0.62613,0.05,0.0095,0.00546,60.78899,0.0284,0.0284,0.6,0.16667,0.16667,0.01328,0.03183,0.17773,0.19319,49158136.92,43260162.35,5897974.565,0.247,0.55685,0.5544,0.4884,0.555,0.49003,Sub-Saharan Africa
Liberia,LBR,0.53565,3,40,1,0.47251,0.04496,0.20075,0.67531,0.611,0,273.64556,993.87727,6804.4553,10.55831,45338182.98,0,0.00001,0.00001,15.02727,0.00001,0.00163,17.69941,0.05528,0.03151,0.06122,0.06371,0,849.83092,1.5,0.00717,0.22801,LBR,1.40294,0.26038,Liberia,-0.43,-0.43,0.2,0.67766,4294077,0.2,0,6.06,6.06,0.05032,0,0.59653,0.70261,0.69283,0.70261,0.05,0.02083,0.01242,38.78969,0.0644,0.0644,0,0,0,0.04504,0.12573,0.04504,0.12573,76002628.84,64528267.92,11474360.92,0.037,0.59982,0.63,0.59875,0.59875,0.59982,Sub-Saharan Africa
Lithuania,LTU,0.53565,3,40,1,0.31296,0.13166,0.25531,0.83684,1,0.34167,8601.07231,28436.76005,195924.2102,18.86544,55798114.8,0,0,0,25.79296,0,0.00002,25.92214,0.08076,0.09432,0.07737,0.08022,0,24469.6225,1.5,0.00022,0.10206,LTU,1.25078,0.32632,Lithuania,0.16797,0.16797,0.2,0.975,2957689,0.2,0,49.75,49.75,1.81406,0.68333,0.72777,0.73142,0.43467,0.72199,0.05,0.00106,0.00077,217.6939,0.0703,0.0703,0,0.08542,0.08542,0.8109,0.31471,0.82705,0.37324,76669637.82,76287554.09,382083.7303,0.118,0.1528,0.43,0.12725,0.12725,0.1528,Europe & Central Asia
"Macedonia, FYR",MKD,0.53565,3,40,1,0.26393,0.04312,0.10108,0.83598,0.983,0.525,3140.22611,13726.15469,92951.08973,25.48991,53711277.33,0,0,0,43.60475,0,0.00014,44.36023,0.11821,0.13807,0.11325,0.1206,0.6,11608.96897,1.5,0.00086,0.1597,MKD,1.20402,0.31104,"Macedonia, FYR",0.16797,0.16797,0.2,0.97493,2107158,0.2,0.66667,24.46,24.46,2.23689,0.45,0.57461,0.58457,0.37147,0.5172,0.05,0.00382,0.0022,123.56241,0.0541,0.0541,0.6,0.29792,0.29792,0.49035,0.30044,0.64218,0.50885,93474011.13,91882107.98,1591903.154,0.29,0.14057,0.4004,0.1044,0.11864,0.1237,Europe & Central Asia
Madagascar,MDG,0.53565,3,40,1,0.29407,0.00468,0.0199,0.57122,0.443,0.2,444.80553,1599.58913,10958.4128,20.18439,462724199.5,0,0.00001,0.00001,30.6522,0.00001,0.0005,34.34209,0.03401,0.02857,0.03537,0.05064,0.4,1368.63241,1.5,0.00139,0.36169,MDG,1.23277,0.30055,Madagascar,-0.16,-0.16,0.2,0.3797,22924851,0.2,0.66667,2.18,2.18,0.95483,0,0.58775,0.6585,0.60023,0.61639,0.05,0.02509,0.01475,15.99897,0.065,0.065,0.8,0.21667,0.21667,0.07555,0.10542,0.27585,0.29924,787287260.4,702697141.2,84590119.24,0.036,0.32228,0.5292,0.2562,0.305,0.27071,Sub-Saharan Africa
Malawi,MWI,0.53565,3,40,1,0.25308,0.05032,0.10418,0.7986,0.714,0.3,204.22262,892.67181,6045.0155,4.94433,80901933.79,0,0.00001,0.00001,8.68203,0,0.0002,9.30117,0.01758,0.01934,0.01714,0.02283,0.6,754.98198,1.5,0.00088,0.22669,MWI,1.19367,0.1168,Malawi,0.1,0.1,0.2,0.59733,16362567,0.2,0.66667,2.84,2.84,0.94025,0,0.53158,0.56949,0.51007,0.51701,0.05,0.01232,0.00655,20.11432,0.0541,0.0541,0.8,0.24167,0.24167,0.03189,0.03963,0.26585,0.27172,152190998.6,142060278,10130720.63,0.076,0.3247,0.5292,0.2562,0.305,0.27275,Sub-Saharan Africa
Malaysia,MYS,0.53565,3,40,1,0.25059,0.24764,0.42786,0.81284,0.9868,0.75,5127.78732,26954.76748,180869.3518,27.69676,823063786.7,0,0,0,47.8549,0,0.00003,48.10669,0.10686,0.12482,0.10238,0.10812,0.8,22589.37145,1.5,0.00044,0.07599,MYS,1.1913,0.36113,Malaysia,0.16797,0.16797,0.2,0.9912,29716965,0.2,0.8,34.87,34.87,0.96873,0.7,0.57574,0.57877,0.48463,0.51042,0.05,0.00213,0.00123,164.24172,0.0454,0.0454,1,0.3875,0.3875,0.14714,0.05773,0.47762,0.42286,1429584944,1422102451,7482493.521,0.032,0.12953,0.204,0.0978,0.12225,0.10362,East Asia & Pacific
Mali,MLI,0.53565,3,40,1,0.64384,0.02605,0.05731,0.49311,0.587,0.2,633.28319,1828.13839,12724.19947,3.5707,54637651.61,0,0,0,7.31874,0,0.00047,8.57939,0.07109,0.04336,0.07802,0.09112,0.4,1589.16735,1.5,0.00146,0.32432,MLI,1.56633,0.60079,Mali,-0.39,-0.39,0.2,0.61593,15301650,0.2,0.6,6.97,6.97,3.13779,0,0.4162,0.48788,0.43752,0.44281,0.05,0.0054,0.00225,43.65114,0.0797,0.0797,0.6,0.2,0.2,0.02463,0.053,0.21971,0.2424,131278849.6,111988830.5,19290019.06,0.082,0.15226,0.5544,0.11375,0.12926,0.13398,Sub-Saharan Africa
Mauritania,MRT,0.53565,3,40,1,0.23811,0.03012,0.08601,0.59396,0.651,0.3,886.5141,3459.90844,23581.96483,33.29521,129514375.9,0,0.00001,0.00001,76.83458,0.00001,0.00054,85.30861,0.04131,0.04825,0.03958,0.06939,0.6,2945.22957,1.5,0.0015,0.35825,MRT,1.17939,0.46309,Mauritania,0.16797,0.16797,0.2,0.64128,3889880,0.2,0.66667,2.17,2.17,2.80591,0,0.39029,0.43334,0.3468,0.36303,0.05,0.02897,0.0113,15.93554,0.0602,0.0602,0.6,0.24167,0.24167,0.06195,0.11887,0.28865,0.33181,331840239.8,298877302.5,32962937.31,0.31,0.16553,0.5544,0.11375,0.12926,0.14567,Sub-Saharan Africa
Mexico,MEX,0.53565,3,40,1,0.36826,0.02801,0.09345,0.75926,0.96,0.73333,3958.66752,19373.84915,130437.8372,21.79005,2665628571,0,0,0,36.17576,0,0.00012,36.77001,0.06063,0.07082,0.05809,0.0611,0.8,16290.81282,1.5,0.00111,0.11074,MEX,1.30352,0.44147,Mexico,0.16797,0.16797,0.2,0.95753,122332399,0.2,0.8,39.44,39.44,0.59918,0.66667,0.5926,0.60234,0.48796,0.56953,0.05,0.00226,0.00134,181.19695,0.0486,0.0486,0.8,0.38333,0.38333,0.53402,0.25477,0.71265,0.54044,4498163315,4425467655,72695660.43,0.049,0.39395,0.5292,0.31857,0.37925,0.33092,Latin America & Caribbean
Moldova,MDA,0.53565,3,40,1,0.2567,0.00716,0.05443,0.77311,0.992,0.325,1919.20052,5171.55593,36199.57674,36.4472,129699779.9,0,0,0,41.69928,0,0.00014,42.40174,0.05911,0.02837,0.06679,0.06282,0.4,4521.08484,1.5,0.00126,0.11057,MDA,1.19713,0.44579,Moldova,-0.52,-0.52,0.2,0.94617,3558566,0.2,0.6,10.45,10.45,0.62861,0.25,0.85957,0.87405,0.78652,0.85462,0.05,0.00938,0.00806,61.32568,0.0849,0.0849,0.6,0.23125,0.23125,0.46588,0.33757,0.58939,0.49075,150889397.7,148389633.6,2499764.09,0.051,0.38683,0.5544,0.33198,0.37725,0.34041,Europe & Central Asia
Mongolia,MNG,0.53565,3,40,1,0.20767,0.11909,0.30408,0.80893,0.988,0.56667,3241.96852,10604.89,73120.85759,27.43714,77896054.7,0,0,0,41.13954,0,0.00002,41.45906,0.03423,0.03998,0.03279,0.04711,0.8,9132.3057,1.5,0.00017,0.11036,MNG,1.15037,0.37013,Mongolia,0.16797,0.16797,0.2,0.90897,2839073,0.2,0.53333,6.34,6.34,1.36241,0.33333,0.66179,0.66693,0.52252,0.60712,0.05,0.00454,0.003,40.30196,0.071,0.071,0.4,0.275,0.275,0.32451,0.18659,0.51027,0.41028,117705292.5,116798156.8,907135.6201,0.049,0.12911,0.2806,0.1037,0.11272,0.11878,East Asia & Pacific
Montenegro,MNE,0.53565,3,40,1,0.3649,0.02271,0.04095,0.78666,1,0.1875,5837.51071,16230.0487,113309.0432,108.46673,67399383.11,0,0,0,167.44905,0,0.00083,179.3391,0.08499,0.09926,0.08142,0.10631,0,14151.5411,1.5,0.00408,0.20212,MNE,1.30031,0.42669,Montenegro,0.16797,0.16797,0.2,0.80499,621383,0.2,0,11.45,11.45,0.63068,0.375,0.60481,0.64776,0.55636,0.64295,0.05,0.01267,0.00766,66.19417,0.0825,0.0825,0,0.04688,0.04688,0.49318,0.30518,0.51694,0.33775,111438268.4,104049991.8,7388276.616,0.198,0.38634,0.63,0.35963,0.35963,0.38634,Europe & Central Asia
Morocco,MAR,0.53565,3,40,1,0.26926,0.05142,0.17255,0.57621,0.736,0.56667,2271.32651,8141.24243,55785.68958,24.38252,804821880.8,0,0,0,32.369,0,0.00032,33.75908,0.05349,0.04065,0.05669,0.05625,0.6,6967.25925,1.5,0.00155,0.20775,MAR,1.2091,0.58358,Morocco,-0.24,-0.24,0.2,0.89254,33008150,0.2,0.46667,18.87,18.87,0.73507,0.53333,0.72225,0.75327,0.65825,0.71747,0.05,0.00485,0.0035,100.10171,0.0652,0.0652,0.6,0.25833,0.25833,0.33262,0.17159,0.50503,0.38559,1114324713,1068440906,45883806.66,0.092,0.3631,0.5544,0.30778,0.34975,0.31953,Middle East & North Africa
Nepal,NPL,0.53565,3,40,1,0.2702,0.05736,0.12678,0.44923,0.36,0.3,898.44883,2491.37578,17397.17241,52.12113,1448834812,0,0.00001,0.00001,60.66954,0.00001,0.00031,63.98855,0.046,0.01794,0.05301,0.05838,0.6,2172.79039,1.5,0.00094,0.32472,NPL,1.21,0.46155,Nepal,-0.61,-0.61,0.2,0.6036,27797457,0.2,0.46667,2.33,2.33,0.83955,0,0.81454,0.8591,0.79743,0.83732,0.05,0.02945,0.02399,16.94809,0.0827,0.0827,0.6,0.19167,0.19167,0.19572,0.35894,0.34988,0.48181,1778718858,1686459004,92259854.52,0.027,0.34248,0.5544,0.29366,0.3337,0.30138,South Asia
Netherlands,NLD,0.53565,3,40,1,0.25252,0.51467,0.6206,0.97303,1,0.99167,18908.88611,51549.22523,360476.9427,1.33712,22469581.59,0,0,0,1.77532,0,0,1.77556,0.33644,0.39295,0.32231,0.32301,1,45021.15741,1.5,0.00005,0.03727,NLD,1.19314,0.05394,Netherlands,0.16797,0.16797,0.2,0.98215,16804432,0.2,0.66667,4489.59,4489.59,0.01386,0.98333,0.75307,0.75317,0.74278,0.74983,0.05,0.00004,0.00003,4489.59,0.084,0.084,1,0.41458,0.41458,0.43785,0.33149,0.67091,0.60864,29837301.16,29833278.28,4022.88377,0.067,0.12822,0.104,0.10242,0.12802,0.10258,Europe & Central Asia
Niger,NER,0.53565,3,40,1,0.23359,0.00204,0.01811,0.38112,0.293,0.3,397.29071,1009.18934,7100.53752,4.85445,86560992.07,0,0,0,7.01502,0,0.00012,7.52371,0.02176,0.01328,0.02388,0.04021,0.6,886.80961,1.5,0.00037,0.32553,NER,1.17509,0.53076,Niger,-0.39,-0.39,0.2,0.6933,17831270,0.2,0.73333,2.45,2.45,3.05849,0,0.64522,0.69201,0.587,0.60573,0.05,0.00848,0.00547,17.70096,0.0896,0.0896,0.6,0.25833,0.25833,0.05922,0.06196,0.30225,0.30429,134157222.5,125086705.1,9070517.458,0.051,0.15523,0.5544,0.11375,0.12926,0.1366,Sub-Saharan Africa
Nigeria,NGA,0.53565,3,40,1,0.87364,0.08466,0.33686,0.34375,0.381,0.59167,1461.41586,6413.01271,43418.60649,13.16815,2286193194,0,0,0,32.78675,0,0.00071,39.16051,0.03266,0.04964,0.02841,0.03767,0.8,5422.69334,1.5,0.00227,0.31262,NGA,1.78549,0.6935,Nigeria,0.52,0.52,0.2,0.79338,173615345,0.2,0.8,7.04,7.04,0.04724,0.38333,0.33626,0.40163,0.38933,0.38955,0.05,0.00722,0.00243,44.01953,0.0539,0.0539,0.8,0.34792,0.34792,0.00432,0.00781,0.35073,0.35301,6798866205,5692282649,1106583556,0.075,0.60158,0.5292,0.50295,0.59875,0.50533,Sub-Saharan Africa
Pakistan,PAK,0.53565,3,40,1,0.37672,0.01097,0.0167,0.48613,0.521,0.5125,2135.72888,5033.66132,35663.03865,46.10585,8397839223,0,0,0,69.08278,0,0.00116,77.4246,0.06561,0.07663,0.06285,0.07859,0.8,4454.07483,1.5,0.00368,0.31431,PAK,1.31158,0.54874,Pakistan,0.16797,0.16797,0.2,0.62194,182142594,0.2,0.73333,7.2,7.2,0.26716,0.225,0.59549,0.6674,0.62249,0.63362,0.05,0.01738,0.01035,44.85997,0.0959,0.0959,0.6,0.31146,0.31146,0.06627,0.13756,0.35709,0.40618,14102316792,12582917008,1519399784,0.051,0.49718,0.5544,0.4224,0.48,0.43752,South Asia
Panama,PAN,0.53565,3,40,1,0.54024,0.10993,0.13441,0.84295,0.935,0.7,3006.94293,22740.00593,150475.5844,20.34214,78605488.03,0,0,0,40.80355,0,0.00013,42.78771,0.01646,0.01923,0.01577,0.01859,0.8,18793.39333,1.5,0.00138,0.09399,PAN,1.46753,0.24911,Panama,0.16797,0.16797,0.2,0.9161,3864170,0.2,0.66667,14.34,14.34,0.05007,0.6,0.47542,0.49854,0.4746,0.48432,0.05,0.00228,0.00108,79.93957,0.032,0.032,0.6,0.34167,0.34167,0.13708,0.19584,0.43191,0.4706,165338970.3,157671850.7,7667119.67,0.041,0.59996,0.5544,0.5269,0.59875,0.52797,Latin America & Caribbean
Paraguay,PRY,0.53565,3,40,1,0.36827,0.02128,0.14779,0.69584,0.958,0.53333,1590.11402,9393.814,62718.12477,7.10064,48300630.6,0,0,0,14.19679,0,0.00021,15.13729,0.02579,0.03012,0.02471,0.0275,0.6,7833.074,1.5,0.00112,0.185,PRY,1.30353,0.56632,Paraguay,0.16797,0.16797,0.2,0.80116,6802295,0.2,0.6,20.13,20.13,0.96295,0.46667,0.46908,0.50016,0.41566,0.4554,0.05,0.00193,0.00091,105.50787,0.0406,0.0406,0.8,0.28333,0.28333,0.22254,0.18271,0.44282,0.41428,102968286,96570731.77,6397554.195,0.052,0.32095,0.5292,0.2562,0.305,0.26959,Latin America & Caribbean
Peru,PER,0.53565,3,40,1,0.2702,0.01947,0.12963,0.75889,0.867,0.73333,2404.66003,13644.45127,91249.83003,9.26947,281565611.2,0,0,0,12.10579,0,0.00033,12.57352,0.07048,0.03594,0.07911,0.06889,0.8,11396.49302,1.5,0.00182,0.18042,PER,1.21,0.34922,Peru,-0.49,-0.49,0.2,0.73885,30375603,0.2,0.6,93.09,93.09,1.0945,0.66667,0.73722,0.76571,0.66993,0.70618,0.05,0.0011,0.00081,351.58239,0.0422,0.0422,0.6,0.33333,0.33333,0.17809,0.14383,0.45206,0.42922,381928200.8,367720658.2,14207542.55,0.039,0.30079,0.5544,0.25889,0.2942,0.26469,Latin America & Caribbean
Philippines,PHL,0.53565,3,40,1,0.27366,0.03531,0.22189,0.58064,0.728,0.69167,1863.07074,7442.00285,50652.96599,13.1809,1296915385,0,0,0,17.19823,0,0.00001,17.32652,0.04304,0.03788,0.04433,0.05394,0.8,6326.21642,1.5,0.00006,0.24419,PHL,1.2133,0.56673,Philippines,-0.12,-0.12,0.2,0.7578,98393574,0.2,0.6,8.32,8.32,0.05998,0.58333,0.76074,0.76641,0.75044,0.75817,0.05,0.00274,0.00208,50.66641,0.0589,0.0589,0.6,0.32292,0.32292,0.18818,0.2283,0.45033,0.47749,1704818707,1692195258,12623449.28,0.071,0.12264,0.1144,0.10758,0.12225,0.10793,East Asia & Pacific
Poland,POL,0.53565,3,40,1,0.4132,0.14695,0.20182,0.88543,0.999,0.75833,9008.49447,26291.90196,182837.8241,1.7916,69002555.34,0,0,0,2.69587,0,0,2.7009,0.06353,0.0742,0.06086,0.05782,0.8,22835.22046,1.5,0.00005,0.07775,POL,1.34638,0.22814,Poland,0.16797,0.16797,0.2,0.98532,38514479,0.2,0.53333,200,200,1.33006,0.71667,0.66333,0.66457,0.47767,0.6218,0.05,0.00012,0.00008,619.00314,0.0789,0.0789,1,0.32292,0.32292,0.59396,0.48828,0.72508,0.65352,104023912,103830086.2,193825.7698,0.104,0.1309,0.244,0.09017,0.11272,0.10472,Europe & Central Asia
Romania,ROU,0.53565,3,40,1,0.26775,0.05477,0.10829,0.89407,0.985,0.675,8101.02089,20704.88195,145597.1516,37.6461,752220110.5,0,0,0,50.16931,0,0.00008,50.51827,0.07485,0.08742,0.07171,0.07368,0.8,18184.10973,1.5,0.00104,0.07948,ROU,1.20766,0.19685,Romania,0.16797,0.16797,0.2,0.9405,19981358,0.2,0.66667,50,50,0.39594,0.55,0.7452,0.75038,0.6387,0.7264,0.05,0.00278,0.00207,218.53784,0.0891,0.0891,0.8,0.33542,0.33542,0.56318,0.40971,0.7097,0.6077,1009423738,1002450871,6972866.798,0.073,0.45131,0.5292,0.3612,0.43,0.3791,Europe & Central Asia
Russian Federation,RUS,0.53565,3,40,1,0.34916,0.06942,0.13613,0.75845,0.997,0.25833,7611.2391,27552.4499,188674.7043,8.6991,1248319967,0,0,0,15.16633,0,0.00016,15.66275,0.04301,0.05023,0.0412,0.04255,0,23564.20774,1.5,0.00142,0.11053,RUS,1.2853,0.48011,Russian Federation,0.16797,0.16797,0.2,0.96597,143499861,0.2,0,87.1,87.1,1.34486,0.51667,0.5554,0.57358,0.44294,0.56306,0.05,0.00066,0.00037,334.56392,0.0646,0.0646,0,0.06458,0.06458,0.47775,0.27933,0.51147,0.32587,2247602018,2176366444,71235573.39,0.056,0.26867,0.63,0.23825,0.23825,0.26867,Europe & Central Asia
Rwanda,RWA,0.53565,3,40,1,0.71258,0.17842,0.17837,0.75303,0.69,0.475,368.0025,1690.95723,11420.67837,17.29813,203711785.9,0,0.00001,0.00001,24.4116,0.00001,0.0007,29.68452,0.03265,0.00718,0.03902,0.03911,0.6,1426.36629,1.5,0.00231,0.30183,RWA,1.63188,0.18394,Rwanda,-0.78,-0.78,0.2,0.34747,11776522,0.2,0.6,2.2,2.2,0.04037,0.35,0.58273,0.7086,0.69287,0.69441,0.05,0.02081,0.01213,16.12575,0.0516,0.0516,0.8,0.26875,0.26875,0.03712,0.02285,0.29589,0.28546,349580426.9,287483718,62096708.89,0.006,0.60555,0.5292,0.50846,0.60531,0.50866,Sub-Saharan Africa
Senegal,SEN,0.53565,3,40,1,0.22621,0.02342,0.04645,0.64089,0.651,0.575,655.36332,2548.75568,17375.44839,23.20648,327983701.6,0,0,0,28.41105,0,0.00036,30.14785,0.0231,0.01733,0.02454,0.02929,0.8,2170.07721,1.5,0.00126,0.28281,SEN,1.16805,0.36922,Senegal,-0.25,-0.25,0.2,0.61367,14133280,0.2,0.8,5.17,5.17,0.02014,0.35,0.76976,0.81681,0.75536,0.7837,0.05,0.01389,0.01069,33.88936,0.0604,0.0604,0.8,0.34375,0.34375,0.11368,0.21772,0.41835,0.48663,426087949.6,401541285.7,24546663.9,0.103,0.61756,0.5292,0.51828,0.617,0.51875,Sub-Saharan Africa
Serbia,SRB,0.53565,3,40,1,0.22012,0.01452,0.0431,0.80899,0.997,0.48333,5395.5097,14766.74295,103228.0803,106.12289,760278374.1,0,0,0,145.79389,0,0.00045,149.12062,0.1068,0.12474,0.10232,0.10956,0.6,12892.4963,1.5,0.00323,0.14028,SRB,1.16224,0.37901,Serbia,0.16797,0.16797,0.2,0.99218,7164132,0.2,0.6,20.46,20.46,0.62908,0.36667,0.71166,0.7279,0.6089,0.68779,0.05,0.01157,0.00823,106.90751,0.0837,0.0837,0.4,0.27083,0.27083,0.36373,0.29082,0.53605,0.48289,1068319776,1044486686,23833089.55,0.222,0.38672,0.5796,0.33086,0.35963,0.35578,Europe & Central Asia
Sierra Leone,SLE,0.53565,3,40,1,0.40687,0.04348,0.21322,0.49189,0.597,0.3,583.66026,1722.39562,11967.40311,33.56755,204496042.1,0,0.00001,0.00001,60.90873,0.00001,0.00107,71.17885,0.03667,0.06197,0.03034,0.05148,0.6,1494.64855,1.5,0.00303,0.3542,SLE,1.34033,0.61323,Sierra Leone,0.69,0.69,0.2,0.47752,6092075,0.2,0.73333,1.82,1.82,0.04415,0,0.47159,0.55111,0.53096,0.53338,0.05,0.04762,0.02246,13.67975,0.0781,0.0781,0.8,0.25833,0.25833,0.0241,0.03957,0.27621,0.28768,433626897.6,371060546.4,62566351.16,0.032,0.60336,0.5292,0.50295,0.59875,0.50682,Sub-Saharan Africa
Slovak Republic,SVK,0.53565,3,40,1,0.3059,0.29756,0.41714,0.88529,0.992,0.38333,11114.94923,29419.84099,206246.9422,48.78198,264076009.1,0,0,0,72.02657,0,0.00038,73.18248,0.15314,0.17886,0.14671,0.14761,0,25758.86263,1.5,0.00417,0.09239,SVK,1.24405,0.22142,Slovak Republic,0.16797,0.16797,0.2,0.97953,5413393,0.2,0,100,100,0.6256,0.76667,0.66658,0.67728,0.58332,0.66623,0.05,0.00284,0.00189,370.67677,0.0863,0.0863,0,0.09583,0.09583,0.4304,0.38946,0.48499,0.44797,396165499.5,389908135.8,6257363.725,0.142,0.38755,0.63,0.35963,0.35963,0.38755,Europe & Central Asia
Slovenia,SVN,0.53565,3,40,1,0.22134,0.20022,0.35239,0.93896,0.999,0.71667,13314.61569,30881.56111,219132.4157,69.22849,142607434,0,0,0,87.43224,0,0.00007,87.82708,0.10987,0.12833,0.10526,0.10942,0.8,27368.17203,1.5,0.0012,0.05826,SVN,1.1634,0.12109,Slovenia,0.16797,0.16797,0.2,0.98825,2059953,0.2,0,56.56,56.56,0.71102,0.63333,0.78824,0.7918,0.63337,0.77318,0.05,0.00321,0.00253,240.45152,0.0973,0.0973,1,0.17917,0.17917,0.62541,0.33581,0.69252,0.45481,180919661.5,180106299.1,813362.4726,0.102,0.3682,0.504,0.26704,0.3338,0.29456,Europe & Central Asia
South Africa,ZAF,0.53565,3,40,1,0.41222,0.13653,0.27751,0.92047,0.912,0.29167,1525.63839,15186.32906,99718.64175,2.88455,153335624.3,0,0,0,5.71647,0,0.00039,6.27626,0.01779,0.02078,0.01704,0.01739,0,12454.19092,1.5,0.00207,0.18622,ZAF,1.34544,0.07106,South Africa,0.16797,0.16797,0.2,0.76986,53157490,0.2,0,100,100,0.1306,0.58333,0.4596,0.5046,0.45882,0.50167,0.05,0.0005,0.00023,370.67677,0.0245,0.0245,0,0.07292,0.07292,0.73274,0.09087,0.75222,0.15716,333630254.4,303873342.7,29756911.63,0.249,0.55723,0.63,0.555,0.555,0.55723,Sub-Saharan Africa
Spain,ESP,0.53565,3,40,1,0.183,0.26911,0.40781,0.88602,1,0.30833,8570.1554,37460.76708,253677.6833,8.62262,401967863.7,0,0,0,11.66643,0,0.00001,11.6883,0.04584,0.05354,0.04392,0.04469,0,31682.64474,1.5,0.00004,0.13617,ESP,1.12684,0.22795,Spain,0.16797,0.16797,0.2,0.97147,46617825,0.2,0,98.21,98.21,0.00849,0.61667,0.73771,0.7391,0.724,0.73822,0.05,0.00037,0.00027,365.79961,0.0541,0.0541,0,0.07708,0.07708,0.5252,0.42843,0.5618,0.47248,544883023.2,543863518.8,1019504.423,0.266,0.11007,0.111,0.11,0.11,0.11007,Europe & Central Asia
Sri Lanka,LKA,0.53565,3,40,1,0.33796,0.21014,0.32753,0.76031,0.986,0.48333,3638.33463,10872.58807,75470.31639,113.41719,2323124306,0,0,0,168.35191,0,0.00031,173.72373,0.05259,0.06142,0.05038,0.06235,0.6,9425.73738,1.5,0.00298,0.10531,LKA,1.27462,0.46538,Sri Lanka,0.16797,0.16797,0.2,0.96575,20483000,0.2,0.66667,6.42,6.42,0.03852,0.36667,0.65286,0.67369,0.64306,0.65124,0.05,0.01843,0.01203,40.73039,0.0772,0.0772,0.8,0.2875,0.2875,0.08488,0.081,0.34798,0.34521,3558383089,3448352233,110030855.6,0.042,0.60663,0.5292,0.50757,0.60425,0.50957,South Asia
Sudan,SDN,0.53565,3,40,1,0.94875,0.0083,0.04989,0.23642,0.231,0.3,1111.6552,3803.05242,26140.49592,15.85861,602061069,0,0,0,35.90857,0,0.00252,48.2273,0.08144,0.09512,0.07802,0.10541,0.6,3264.77298,1.5,0.00677,0.37231,SDN,1.85712,0.75817,Sudan,0.16797,0.16797,0.2,0.79866,37964306,0.2,0.66667,7.79,7.79,0.22277,0,0.32883,0.44164,0.42568,0.42746,0.05,0.01477,0.00486,47.946,0.0681,0.0681,0.6,0.24167,0.24167,0.02139,0.05128,0.25789,0.28056,1830916164,1363243903,467672260.6,0.152,0.51523,0.5544,0.4444,0.505,0.4534,Sub-Saharan Africa
Swaziland,SWZ,0.53565,3,40,1,0.19038,0.09159,0.23489,0.85682,0.82,0,1310.35405,7761.01673,51811.29681,15.77527,19711421.48,0,0,0,39.17972,0,0.00023,41.8446,0.02186,0.0247,0.02115,0.02269,0,6470.88419,1.5,0.00101,0.2317,SWZ,1.13388,0.10636,Swaziland,0.13,0.13,0.2,0.67309,1249514,0.2,0,6.61,6.61,1.98415,0,0.377,0.40264,0.37081,0.40264,0.05,0.00647,0.00244,41.7443,0.0405,0.0405,0,0,0,0.13128,0.13237,0.13128,0.13237,52285413.72,48955613.92,3329799.804,0.225,0.14409,0.43,0.13,0.13,0.14409,Sub-Saharan Africa
Sweden,SWE,0.53565,3,40,1,0.35737,0.5882,0.67114,0.91839,1,0.9,20725.27533,49244.29916,348621.5194,8.43162,80946753.22,0,0,0,11.84024,0,0,11.84372,0.03522,0.04114,0.03374,0.03405,0.8,43540.49439,1.5,0.00001,0.06894,SWE,1.29313,0.16322,Sweden,0.16797,0.16797,0.2,0.95579,9600379,0.2,0.73333,53.62,53.62,0.01365,1,0.71191,0.71212,0.70103,0.70881,0.05,0.00027,0.00019,230.73998,0.0952,0.0952,0.8,0.40833,0.40833,0.45691,0.34784,0.67867,0.61414,113704193.2,113670775.2,33417.93154,0.081,0.12825,0.1092,0.10754,0.12802,0.10773,Europe & Central Asia
Syrian Arab Republic,SYR,0.53565,3,40,1,0.27075,0.04674,0.05367,0.71131,0.962,0.3,1904.40673,5723.13897,39709.03365,32.27077,737243584.9,0,0,0,50.04041,0,0.00039,52.54196,0.04605,0.05378,0.04411,0.05529,0.6,4959.39252,1.5,0.00252,0.15502,SYR,1.21052,0.53938,Syrian Arab Republic,0.16797,0.16797,0.2,0.93164,22845550,0.2,0.66667,9.03,9.03,0.5632,0,0.61419,0.64489,0.59028,0.60133,0.05,0.01059,0.00651,54.2801,0.0768,0.0768,0.6,0.24167,0.24167,0.04491,0.12255,0.27572,0.3346,1200350062,1143200743,57149318.64,0.108,0.40302,0.5544,0.3344,0.38,0.35466,Middle East & North Africa
Tajikistan,TJK,0.53565,3,40,1,0.38543,0,0.00478,0.63642,0.874,0.3,1015.21766,2785.76942,19469.89098,10.40082,85368218.84,0,0,0,15.20374,0,0.00003,15.48234,0.03854,0.03237,0.04008,0.07494,0.6,2431.65907,1.5,0.00016,0.16357,TJK,1.31989,0.60115,Tajikistan,-0.16,-0.16,0.2,0.97988,8207834,0.2,0.6,2.65,2.65,1.42264,0,0.67179,0.6841,0.57116,0.64831,0.05,0.00637,0.00428,18.94593,0.0835,0.0835,0.6,0.225,0.225,0.36581,0.17805,0.5085,0.36299,127076463.4,124789751.9,2286711.524,0.107,0.1259,0.2684,0.09919,0.11272,0.11079,Europe & Central Asia
Tanzania,TZA,0.53565,3,40,1,0.4132,0.03991,0.17232,0.57842,0.489,0.3,873.75767,2737.43903,18933.7829,14.16765,697800900.7,0,0,0,23.22032,0,0.00018,25.73768,0.01672,0.01505,0.01714,0.01994,0.6,2364.70276,1.5,0.00068,0.26335,TZA,1.34638,0.33216,Tanzania,-0.1,-0.1,0.2,0.66653,49253126,0.2,0.66667,1.97,1.97,0.93086,0,0.55046,0.61014,0.55871,0.56725,0.05,0.01088,0.00599,14.65426,0.0739,0.0739,0.6,0.24167,0.24167,0.04671,0.05576,0.27709,0.28395,1267661373,1143673357,123988015.7,0.035,0.32628,0.5544,0.2684,0.305,0.28713,Sub-Saharan Africa
Thailand,THA,0.53565,3,40,1,0.24034,0.35082,0.47387,0.94166,0.996,0.825,4708.95228,16237.52627,111549.7045,88.86003,5954554962,0,0,0,138.95605,0,0.00007,139.48574,0.16031,0.18724,0.15358,0.17033,1,13931.81147,1.5,0.00171,0.04298,THA,1.18152,0.11268,Thailand,0.16797,0.16797,0.2,0.93639,67010502,0.2,0.66667,22.49,22.49,1.50628,0.65,0.63705,0.63948,0.46719,0.54966,0.05,0.01001,0.00638,115.45997,0.0676,0.0676,0.6,0.37292,0.37292,0.29255,0.51148,0.55637,0.69366,9347009318,9311514622,35494696.05,0.007,0.25137,0.5544,0.19175,0.2179,0.2212,East Asia & Pacific
Togo,TGO,0.53565,3,40,1,0.37089,0.01589,0.04995,0.59433,0.594,0.1,325.71125,1600.96503,10776.51245,17.87326,121841699.7,0,0.00001,0.00001,30.27028,0.00001,0.00072,35.37997,0.02064,0.02497,0.01956,0.02332,0.2,1345.91428,1.5,0.00258,0.2787,TGO,1.30603,0.40534,Togo,0.21,0.21,0.2,0.63857,6816982,0.2,0.6,2.21,2.21,0.0094,0,0.50518,0.59046,0.57193,0.57792,0.05,0.02629,0.01328,16.18905,0.0484,0.0484,0.6,0.175,0.175,0.17037,0.00049,0.31555,0.1754,241184640.6,206351922.4,34832718.29,0.069,0.62413,0.5544,0.5489,0.62375,0.54924,Sub-Saharan Africa
Turkey,TUR,0.53565,3,40,1,0.41217,0.02106,0.05569,0.90009,0.95,0.66667,5384.46907,21862.80112,148663.9691,18.96818,1421335983,0,0,0,33.54365,0,0.00007,34.39174,0.02763,0.03227,0.02647,0.02905,0.8,18567.13471,1.5,0.00071,0.09989,TUR,1.34539,0.14982,Turkey,0.16797,0.16797,0.2,0.90025,74932641,0.2,0.8,18.17,18.17,0.94261,0.53333,0.55153,0.56548,0.45551,0.50931,0.05,0.00185,0.00102,97.06979,0.058,0.058,0.6,0.36667,0.36667,0.29143,0.20395,0.55124,0.49584,2577063784,2513513929,63549855.42,0.1,0.32431,0.5544,0.2652,0.30136,0.28539,Europe & Central Asia
Uganda,UGA,0.53565,3,40,1,0.57357,0.08637,0.21654,0.59503,0.574,0.16667,470.7776,1908.02677,12975.69085,1.23358,46356714.14,0,0,0,3.15748,0,0.00005,3.79596,0.00271,0.00447,0.00227,0.00553,0,1620.57694,1.5,0.00013,0.3982,UGA,1.49932,0.38395,Uganda,0.65,0.65,0.2,0.24838,37578876,0.2,0,1.5,1.5,1.30479,0.33333,0.32497,0.39069,0.28977,0.38505,0.05,0.00234,0.00076,11.5488,0.0581,0.0581,0,0.04167,0.04167,0.48205,0.11868,0.50363,0.1554,142647924.8,118654415.1,23993509.64,0.038,0.27334,0.63,0.23,0.23,0.27334,Sub-Saharan Africa
Ukraine,UKR,0.53565,3,40,1,0.24585,0.01426,0.08083,0.78096,0.99,0.03333,4343.34155,9549.1831,68122.26374,54.73276,2489771455,0,0,0,73.82917,0,0.00019,75.89335,0.03696,0.04317,0.03541,0.03942,0,8508.01479,1.5,0.00192,0.1015,UKR,1.18678,0.42808,Ukraine,0.16797,0.16797,0.2,0.99354,45489600,0.2,0,9.34,9.34,0.54403,0.06667,0.72118,0.74134,0.6402,0.74034,0.05,0.00892,0.00643,55.83354,0.1021,0.1021,0,0.00833,0.00833,0.49458,0.30079,0.49879,0.30662,3452358360,3358459404,93898955.72,0.079,0.40802,0.63,0.37725,0.37725,0.40802,Europe & Central Asia
United Kingdom,GBR,0.53565,3,40,1,0.30313,0.41194,0.49589,0.95356,1,0.88333,10654.73031,43500.6602,295704.1907,2.29728,147271415.1,0,0,0,3.36079,0,0,3.36115,0.04278,0.04997,0.04099,0.0397,0.8,36931.47423,1.5,0,0.04102,GBR,1.2414,0.09289,United Kingdom,0.16797,0.16797,0.2,0.99838,64106779,0.2,0.8,225.69,225.69,0.01434,0.96667,0.68348,0.68356,0.67083,0.68129,0.05,0.00009,0.00006,672.0497,0.0577,0.0577,1,0.42083,0.42083,0.6841,0.41424,0.81704,0.66075,215472377.7,215449163.3,23214.39342,0.075,0.12816,0.104,0.10242,0.12802,0.10253,Europe & Central Asia
United States,USA,0.53565,3,40,1,0.31874,0.33614,0.62094,0.93742,0.993,0.89167,12065.01459,61159.35589,411074.772,1.47236,465455177.1,0,0,0,2.34165,0,0,2.34338,0.03833,0.04477,0.03672,0.03696,0.8,51340.48763,1.5,0.00003,0.04607,USA,1.25629,0.11817,United States,0.16797,0.16797,0.2,0.99838,316128839,0.2,0.73333,460.2,460.2,0.88898,0.98333,0.62831,0.62877,0.47707,0.59187,0.05,0.00005,0.00003,1115.41335,0.047,0.047,0.8,0.40625,0.40625,0.63,0.09,0.78031,0.45969,740810056.9,740261772.9,548284.0234,0.074,0.13499,0.2142,0.10733,0.12778,0.11339,North America
Uruguay,URY,0.53565,3,40,1,0.29189,0.01662,0.0838,0.91254,0.995,0.58333,4959.56102,22467.38041,151856.1484,7.07048,24089551.95,0,0,0,12.21985,0,0.00004,12.42759,0.01839,0.02148,0.01762,0.01754,0.6,18965.81654,1.5,0.00064,0.06868,URY,1.23068,0.16993,Uruguay,0.16797,0.16797,0.2,0.94744,3407062,0.2,0.66667,46.9,46.9,0.93556,0.56667,0.56893,0.57861,0.47457,0.52274,0.05,0.00066,0.00037,207.94927,0.0523,0.0523,0.6,0.3125,0.3125,0.23174,0.21152,0.47182,0.45792,42341573.68,41633803.01,707770.6671,0.066,0.32549,0.5544,0.2684,0.305,0.28643,Latin America & Caribbean
Uzbekistan,UZB,0.53565,3,40,1,0.73018,0.00689,0.00911,0.76902,0.999,0,1860.79947,5787.48653,40051.37863,4.44342,134383115.8,0,0,0,9.59621,0,0.00005,9.95406,0.04206,0.04913,0.04029,0.04642,0,5002.14912,1.5,0.00042,0.11907,UZB,1.64867,0.46096,Uzbekistan,0.16797,0.16797,0.2,0.98078,30243200,0.2,0,8.2,8.2,1.34837,0,0.44639,0.46304,0.38158,0.46304,0.05,0.00199,0.00089,50.05391,0.0744,0.0744,0,0,0,0.44705,0.2279,0.44705,0.2279,301042599.4,290220113.8,10822485.57,0.107,0.12988,0.305,0.11272,0.11272,0.12988,Europe & Central Asia
"Venezuela, RB",VEN,0.53565,3,40,1,0.31317,0.06972,0.18065,0.63434,0.957,0.06667,3716.68022,21089.07771,141037.1673,64.95306,1974911318,0,0,0,108.13451,0,0.00063,116.33039,0.03129,0.03655,0.02998,0.03348,0,17614.59821,1.5,0.00385,0.16314,VEN,1.25098,0.68832,"Venezuela, RB",0.16797,0.16797,0.2,0.95123,30405207,0.2,0,15.73,15.73,0.0494,0.13333,0.55835,0.60067,0.56912,0.59952,0.05,0.0066,0.00369,86.2705,0.0422,0.0422,0,0.01667,0.01667,0.39089,0.18294,0.40104,0.19655,3537049729,3287852177,249197552.3,0.075,0.60034,0.63,0.59875,0.59875,0.60034,Latin America & Caribbean
Vietnam,VNM,0.53565,3,40,1,0.2697,0.03995,0.10271,0.71745,0.929,0.59167,1801.29814,5955.42987,41031.8507,22.32421,2002680606,0,0,0,31.05034,0,0.00003,31.16422,0.20154,0.23539,0.19308,0.2109,0.8,5124.60352,1.5,0.00028,0.11919,VNM,1.20953,0.49409,Vietnam,0.16797,0.16797,0.2,0.94498,89708900,0.2,0.53333,17.58,17.58,0.0365,0.38333,0.71634,0.71897,0.70714,0.71398,0.05,0.00608,0.00436,94.49301,0.0703,0.0703,0.8,0.28125,0.28125,0.2442,0.24757,0.45677,0.45919,2795708119,2785491586,10216532.62,0.02,0.12542,0.1092,0.105,0.125,0.10535,East Asia & Pacific
"Yemen, Rep.",YEM,0.53565,3,40,1,0.21913,0,0.01688,0.30822,0.357,0.1,1502.25562,4414.79202,30684.4685,4.99933,122020436.1,0,0,0,6.59048,0,0.00004,6.89735,0.01511,0.01765,0.01448,0.01983,0.2,3832.28474,1.5,0.0001,0.4236,YEM,1.1613,0.74057,"Yemen, Rep.",0.16797,0.16797,0.2,0.59498,24407381,0.2,0.26667,6.43,6.43,0,0,0.72482,0.75857,0.75265,0.75584,0.05,0.0018,0.0013,40.78383,0.0784,0.0784,0.2,0.09167,0.09167,0.10971,0.07833,0.19132,0.16281,168346361.3,160856303.6,7490057.7,0.174,0.13,0.1248,0.1248,0.13,0.1248,Middle East & North Africa
Zambia,ZMB,0.53565,3,40,1,0.42575,0.02737,0.17679,0.59345,0.465,0.56667,680.11774,4579.39611,30422.29029,5.27566,76700861.29,0,0,0,14.75149,0,0.00035,17.10684,0.0163,0.02738,0.01353,0.01859,0.8,3799.54044,1.5,0.00106,0.32822,ZMB,1.35834,0.27809,Zambia,0.68,0.68,0.2,0.55489,14538640,0.2,0.86667,6.53,6.53,0.92239,0.33333,0.30839,0.35764,0.28643,0.3067,0.05,0.0045,0.00139,41.3181,0.0358,0.0358,0.8,0.35833,0.35833,0.14486,0.10681,0.45129,0.42687,248710180.4,214466586.9,34243593.54,0.133,0.32772,0.5292,0.2562,0.305,0.27528,Sub-Saharan Africa
